{"cameraMode":{"drawMode":0,"name":"Shaded","section":"Shading Mode"},"sceneLighting":true,"audioPlay":false,"sceneViewState":{"showFog":true,"showMaterialUpdate":true,"showSkybox":true,"showFlares":true,"showImageEffects":true,"showParticleSystems":true},"in2DMode":false,"pivot":{"x":-0.31146240234375,"y":1.8793745040893555,"z":0.2325296401977539},"rotation":{"x":-0.013024810701608658,"y":-0.9857712388038635,"z":0.09225545823574066,"w":-0.1396266371011734},"size":5.229245662689209,"orthographic":false}