{"cameraMode":{"drawMode":0,"name":"Shaded","section":"Shading Mode"},"sceneLighting":true,"audioPlay":false,"sceneViewState":{"showFog":true,"showMaterialUpdate":true,"showSkybox":true,"showFlares":true,"showImageEffects":true,"showParticleSystems":true},"in2DMode":false,"pivot":{"x":-1.9185819625854493,"y":1.024251937866211,"z":5.27054500579834},"rotation":{"x":-0.03396641090512276,"y":-0.965029239654541,"z":0.16100776195526124,"w":-0.20388367772102357},"size":14.020157814025879,"orthographic":false}